caseid,exceptioncaseid,dcn,bankslipno,amount,date
1595764055754160,1111222233334680,111122223333444455952,963934,100,2020-07-30
1595764074214630,1111222233334620,111122223333444459866,963339,100,2020-07-30
1595971524507330,1111222233334440,111122223333444459898,964236,100,2020-07-30
1595764067555140,1111222233334540,111122223333444458363,964409,100,2020-07-30
1595971450524050,1111222233335520,111122223333444458528,963638,100,2020-07-30
1595763947635000,1111222233335300,111122223333444458410,964247,100,2020-07-30
1595764072793470,1111222233335370,111122223333444463693,963625,100,2020-07-30
1595764387859270,1111222233335350,111122223333444463058,963902,100,2020-07-30
1595971538425900,1111222233334690,111122223333444459603,964320,100,2020-07-30
1595971496300570,1111222233335340,111122223333444461072,963785,100,2020-07-30
1595971471396850,1111222233335200,111122223333444460713,963964,100,2020-07-30
1595764088787270,1111222233335000,111122223333444462846,963742,100,2020-07-30
1595763962754930,1111222233334670,111122223333444458603,964443,100,2020-07-30
1595763963971640,1111222233335400,111122223333444456267,963494,100,2020-07-30
1595776478956190,1111222233334720,111122223333444461518,963481,100,2020-07-30
1595764091993510,1111222233334540,111122223333444457973,963829,100,2020-07-30
1595457025273820,1111222233335070,111122223333444466472,963599,100,2020-07-30
1595457119917270,1111222233334480,111122223333444461562,963574,100,2020-07-30
1595763977881420,1111222233335270,111122223333444457918,963540,100,2020-07-30
1595763971282270,1111222233334890,111122223333444457405,963521,100,2020-07-30
1595764094879070,1111222233335110,111122223333444462772,963765,100,2020-07-30
1595763984711490,1111222233334630,111122223333444461132,963869,100,2020-07-30
1595776481542350,1111222233334800,111122223333444456077,963830,100,2020-07-30
1595763972983430,1111222233335520,111122223333444464419,964160,100,2020-07-30
1595763973633460,1111222233335010,111122223333444456744,963360,100,2020-07-30
1595457024390640,1111222233334960,111122223333444457548,963497,100,2020-07-30
1595971484827260,1111222233335460,111122223333444458690,964039,100,2020-07-30
1595764112853760,1111222233335060,111122223333444462325,963697,100,2020-07-30
1595971523137310,1111222233335230,111122223333444459310,963532,100,2020-07-30
1595971522594100,1111222233334780,111122223333444459500,964279,100,2020-07-30
1595763990869480,1111222233335020,111122223333444457603,963849,100,2020-07-30
1595764121561660,1111222233335000,111122223333444460203,964270,100,2020-07-30
1595763993052630,1111222233334790,111122223333444459540,963586,100,2020-07-30
1595973144182560,1111222233335010,111122223333444460854,963938,100,2020-07-30
1595457025447240,1111222233334840,111122223333444464508,963518,100,2020-07-30
1595973154829460,1111222233334530,111122223333444457473,963473,100,2020-07-30
1595764001231440,1111222233334490,111122223333444458756,963714,100,2020-07-30
1595764003690510,1111222233334590,111122223333444459857,963489,100,2020-07-30
1595764356497680,1111222233334550,111122223333444463709,963475,100,2020-07-30
1595971002247640,1111222233335200,111122223333444462446,963966,100,2020-07-30
1595764012372600,1111222233334940,111122223333444457240,963832,100,2020-07-30
1595973082519630,1111222233335180,111122223333444458048,964183,100,2020-07-30
1595971479316730,1111222233334830,111122223333444462185,963860,100,2020-07-30
1595764026184010,1111222233335460,111122223333444462840,963726,100,2020-07-30
1595764525961960,1111222233334820,111122223333444457929,964422,100,2020-07-30
1595764029585760,1111222233334970,111122223333444462544,963454,100,2020-07-30
1595764038358100,1111222233335100,111122223333444466615,964374,100,2020-07-30
1595764032205640,1111222233335250,111122223333444455625,963881,100,2020-07-30
1595971538530370,1111222233334900,111122223333444466110,964357,100,2020-07-30
1595764035289040,1111222233334540,111122223333444464992,964237,100,2020-07-30
1595764037707030,1111222233335360,111122223333444464739,964383,100,2020-07-30
1595971524252000,1111222233335200,111122223333444459402,963708,100,2020-07-30
1595971550097920,1111222233334720,111122223333444456582,963642,100,2020-07-30
1595971564107300,1111222233334830,111122223333444456863,963880,100,2020-07-30
1595764396345620,1111222233334740,111122223333444458375,964250,100,2020-07-30
1595764408350920,1111222233334910,111122223333444461782,963466,100,2020-07-30
1595764055831710,1111222233334950,111122223333444456554,964006,100,2020-07-30
1595764210836210,1111222233334920,111122223333444455580,963967,100,2020-07-30
1595764070616810,1111222233334900,111122223333444456254,964078,100,2020-07-30
1595971616735510,1111222233335480,111122223333444463796,963497,100,2020-07-30
1595764064780840,1111222233334870,111122223333444463373,963937,100,2020-07-30
1595764067911820,1111222233335410,111122223333444463327,964184,100,2020-07-30
1595776487295160,1111222233334740,111122223333444460382,964378,100,2020-07-30
1595971469215490,1111222233334660,111122223333444465715,964236,100,2020-07-30
1595971541566870,1111222233334490,111122223333444460887,963712,100,2020-07-30
1595971603724310,1111222233335190,111122223333444460208,963651,100,2020-07-30
1595764078898630,1111222233335230,111122223333444456933,964096,100,2020-07-30
1595764077695170,1111222233335110,111122223333444456746,964109,100,2020-07-30
1595971576515400,1111222233335130,111122223333444456615,964052,100,2020-07-30
1595971530446140,1111222233335350,111122223333444461936,963386,100,2020-07-30
1595764095060370,1111222233334580,111122223333444466657,964418,100,2020-07-30
1595764095284520,1111222233335060,111122223333444462856,963793,100,2020-07-30
1595764097819570,1111222233334760,111122223333444466318,963708,100,2020-07-30
1595764097416030,1111222233334950,111122223333444465818,963362,100,2020-07-30
1595971627923940,1111222233334740,111122223333444461465,964317,100,2020-07-30
1595764112631610,1111222233335140,111122223333444461829,963425,100,2020-07-30
1595764119716460,1111222233334520,111122223333444458516,964155,100,2020-07-30
1595764210388680,1111222233335050,111122223333444466129,963531,100,2020-07-30
1595764504649160,1111222233334480,111122223333444466650,963677,100,2020-07-30
1595971632540140,1111222233334530,111122223333444465876,964423,100,2020-07-30
1595764250680190,1111222233335120,111122223333444460103,963944,100,2020-07-30
1595971534138300,1111222233335200,111122223333444459503,964391,100,2020-07-30
1595973015562280,1111222233334950,111122223333444459977,964098,100,2020-07-30
1595764132368750,1111222233335170,111122223333444458961,964310,100,2020-07-30
1595764133510080,1111222233335330,111122223333444460390,963797,100,2020-07-30
1595971599737350,1111222233334820,111122223333444462964,963973,100,2020-07-30
1595764266952650,1111222233335380,111122223333444464029,964380,100,2020-07-30
1595971564566410,1111222233334460,111122223333444460680,964068,100,2020-07-30
1595971556912020,1111222233335040,111122223333444461222,964083,100,2020-07-30
1595764148459710,1111222233335540,111122223333444466268,964095,100,2020-07-30
1595764168554360,1111222233335510,111122223333444466345,964126,100,2020-07-30
1595764149326640,1111222233335310,111122223333444456192,963900,100,2020-07-30
1595971573492590,1111222233334590,111122223333444456251,964349,100,2020-07-30
1595764300903210,1111222233334450,111122223333444459590,963610,100,2020-07-30
1595971623790170,1111222233334790,111122223333444461450,964255,100,2020-07-30
1595764157231320,1111222233334620,111122223333444464517,963602,100,2020-07-30
1595764160568330,1111222233334610,111122223333444460947,963756,100,2020-07-30
1595973078718270,1111222233335470,111122223333444462748,963527,100,2020-07-30
1595764170747630,1111222233334660,111122223333444457260,964236,100,2020-07-30
1595764182710070,1111222233334530,111122223333444457307,964037,100,2020-07-30
1595764171406720,1111222233334780,111122223333444463058,963859,100,2020-07-30
1595764297774240,1111222233335030,111122223333444460809,963387,100,2020-07-30
1595764172538380,1111222233335510,111122223333444458472,963853,100,2020-07-30
1595764173778520,1111222233335360,111122223333444460541,964286,100,2020-07-30
1595764191630170,1111222233334780,111122223333444459691,963867,100,2020-07-30
1595971598939500,1111222233334620,111122223333444458120,963444,100,2020-07-30
1595764179218350,1111222233334980,111122223333444457795,963933,100,2020-07-30
1595971805517980,1111222233335540,111122223333444465291,964149,100,2020-07-30
1595764186178330,1111222233334770,111122223333444466340,963847,100,2020-07-30
1595971597540810,1111222233335480,111122223333444466318,964007,100,2020-07-30
1595764192137260,1111222233335380,111122223333444466291,963574,100,2020-07-30
1595971662239780,1111222233334670,111122223333444464953,963736,100,2020-07-30
1595764205637410,1111222233335210,111122223333444455957,963687,100,2020-07-30
1595971711512330,1111222233335390,111122223333444464398,963398,100,2020-07-30
1595971610830340,1111222233335040,111122223333444464063,963582,100,2020-07-30
1595764202384830,1111222233334590,111122223333444457806,963677,100,2020-07-30
1595764243209650,1111222233334550,111122223333444464486,964131,100,2020-07-30
1595764650570120,1111222233335030,111122223333444459462,963851,100,2020-07-30
1595764228724630,1111222233335040,111122223333444460813,964421,100,2020-07-30
1595971680601090,1111222233335090,111122223333444457596,963826,100,2020-07-30
1595764234197510,1111222233335390,111122223333444462185,964336,100,2020-07-30
1595971678497750,1111222233335350,111122223333444457604,963884,100,2020-07-30
1595764218119350,1111222233335330,111122223333444465294,963380,100,2020-07-30
1595764233643810,1111222233335400,111122223333444461604,963660,100,2020-07-30
1595973003400070,1111222233334460,111122223333444456153,964017,100,2020-07-30
1595764353935730,1111222233335520,111122223333444459446,964387,100,2020-07-30
1595764708516870,1111222233335070,111122223333444462082,964058,100,2020-07-30
1595971567464650,1111222233335260,111122223333444464377,963836,100,2020-07-30
1595764233733850,1111222233334530,111122223333444465263,964090,100,2020-07-30
1595971589268340,1111222233334520,111122223333444461633,963759,100,2020-07-30
1595971645422850,1111222233334490,111122223333444464437,963338,100,2020-07-30
1595764239988930,1111222233335290,111122223333444461298,964314,100,2020-07-30
1595764602336260,1111222233335430,111122223333444455906,963740,100,2020-07-30
1595764247489380,1111222233334690,111122223333444455805,964180,100,2020-07-30
1595764250094720,1111222233334940,111122223333444456551,964071,100,2020-07-30
1595971678733620,1111222233335510,111122223333444465381,964228,100,2020-07-30
1595764255667350,1111222233335440,111122223333444461294,964338,100,2020-07-30
1595764263160600,1111222233335480,111122223333444458282,964061,100,2020-07-30
1595764264679620,1111222233334560,111122223333444459890,963686,100,2020-07-30
1595764661914640,1111222233334980,111122223333444462813,963697,100,2020-07-30
1595764289243670,1111222233334510,111122223333444464636,963903,100,2020-07-30
1595764422235530,1111222233335480,111122223333444466176,963644,100,2020-07-30
1595764280011710,1111222233335470,111122223333444465624,964013,100,2020-07-30
1595764280802850,1111222233335440,111122223333444455983,963775,100,2020-07-30
1595764282019750,1111222233335390,111122223333444464746,964345,100,2020-07-30
1595971642381440,1111222233334750,111122223333444460659,964013,100,2020-07-30
1595764299621430,1111222233335350,111122223333444456637,963472,100,2020-07-30
1595971753361830,1111222233335330,111122223333444457634,963966,100,2020-07-30
1595764447725210,1111222233334980,111122223333444455626,963861,100,2020-07-30
1595764301539820,1111222233335230,111122223333444463246,963702,100,2020-07-30
1595764314071720,1111222233335170,111122223333444462409,963386,100,2020-07-30
1595764653671490,1111222233334990,111122223333444463587,963518,100,2020-07-30
1595971687735810,1111222233335400,111122223333444457433,964031,100,2020-07-30
1595764487069740,1111222233334670,111122223333444457365,963389,100,2020-07-30
1595764655760560,1111222233335500,111122223333444464143,963451,100,2020-07-30
1595764346545480,1111222233334790,111122223333444464904,963989,100,2020-07-30
1595764354688340,1111222233335140,111122223333444459939,964045,100,2020-07-30
1595764343499710,1111222233334910,111122223333444462446,963560,100,2020-07-30
1595764576950230,1111222233335270,111122223333444462459,964198,100,2020-07-30
1595764579597290,1111222233334520,111122223333444460126,964424,100,2020-07-30
1595764369297220,1111222233335160,111122223333444459136,963709,100,2020-07-30
1595764510627520,1111222233335160,111122223333444459918,963400,100,2020-07-30
1595764687172480,1111222233334500,111122223333444456813,963370,100,2020-07-30
1595971748949130,1111222233334450,111122223333444462987,963670,100,2020-07-30
1595764358188380,1111222233335540,111122223333444464372,963995,100,2020-07-30
1595764357030840,1111222233335280,111122223333444462058,964390,100,2020-07-30
1595764354389620,1111222233334490,111122223333444460284,963703,100,2020-07-30
1595764499666500,1111222233334940,111122223333444460658,963394,100,2020-07-30
1595764356941870,1111222233335290,111122223333444459021,964428,100,2020-07-30
1595971652277410,1111222233335000,111122223333444462689,963872,100,2020-07-30
1595764363058320,1111222233335230,111122223333444461811,963990,100,2020-07-30
1595764720303460,1111222233335140,111122223333444463926,963475,100,2020-07-30
1595764361098160,1111222233335400,111122223333444462230,963747,100,2020-07-30
1595764381144300,1111222233335290,111122223333444461172,964196,100,2020-07-30
1595764497751280,1111222233334440,111122223333444457042,963936,100,2020-07-30
1595764385513280,1111222233335270,111122223333444462844,963952,100,2020-07-30
1595764386221310,1111222233334840,111122223333444457003,963609,100,2020-07-30
1595764379524990,1111222233335360,111122223333444465970,964026,100,2020-07-30
1595764414684630,1111222233335010,111122223333444457007,963447,100,2020-07-30
1595971743730920,1111222233335090,111122223333444456479,964216,100,2020-07-30
1595764722943440,1111222233334890,111122223333444458579,964143,100,2020-07-30
1595764474751810,1111222233335500,111122223333444455657,964310,100,2020-07-30
1595764383059090,1111222233335260,111122223333444458431,964237,100,2020-07-30
1595971720006370,1111222233334440,111122223333444456299,963491,100,2020-07-30
1595764753850760,1111222233335160,111122223333444457050,964119,100,2020-07-30
1595971664061340,1111222233335200,111122223333444465354,963952,100,2020-07-30
1595764400917630,1111222233334490,111122223333444466294,963447,100,2020-07-30
1595971673775760,1111222233335500,111122223333444462673,963690,100,2020-07-30
1595764403658160,1111222233335510,111122223333444464358,964444,100,2020-07-30
1595764416779170,1111222233334890,111122223333444461556,963371,100,2020-07-30
1595764419064030,1111222233335330,111122223333444464186,963519,100,2020-07-30
1595973012337070,1111222233334480,111122223333444464514,963442,100,2020-07-30
1595971784575780,1111222233334580,111122223333444466390,964131,100,2020-07-30
1595971706338170,1111222233334630,111122223333444459490,964281,100,2020-07-30
1595764424636910,1111222233335100,111122223333444460926,963792,100,2020-07-30
1595764425982790,1111222233334570,111122223333444464435,964035,100,2020-07-30
1595764565231560,1111222233334870,111122223333444465076,963966,100,2020-07-30
1595764426583600,1111222233335280,111122223333444457691,963508,100,2020-07-30
1595764795085830,1111222233334970,111122223333444465846,963544,100,2020-07-30
1595764435384380,1111222233335140,111122223333444466284,963460,100,2020-07-30
1595764569891580,1111222233334970,111122223333444459200,963374,100,2020-07-30
1595764432819910,1111222233335390,111122223333444464097,964257,100,2020-07-30
1595764436846950,1111222233334560,111122223333444462560,964240,100,2020-07-30
1595971748619080,1111222233335300,111122223333444457023,964101,100,2020-07-30
1595764437690440,1111222233334820,111122223333444459412,963758,100,2020-07-30
1595764445458160,1111222233335110,111122223333444464767,963739,100,2020-07-30
1595764444470470,1111222233334730,111122223333444461431,963768,100,2020-07-30
1595764802812650,1111222233334570,111122223333444455901,964189,100,2020-07-30
1595971879304480,1111222233334620,111122223333444462132,964144,100,2020-07-30
1595971736911070,1111222233335060,111122223333444466250,963908,100,2020-07-30
1595764456410950,1111222233334630,111122223333444458194,964151,100,2020-07-30
1595457028997640,1111222233335470,111122223333444466214,963720,100,2020-07-30
1595764462008020,1111222233334800,111122223333444455974,963861,100,2020-07-30
1595764475361380,1111222233335010,111122223333444461873,963926,100,2020-07-30
1595764479391800,1111222233334940,111122223333444456906,964400,100,2020-07-30
1595764486991920,1111222233335540,111122223333444465361,963407,100,2020-07-30
1595764481988980,1111222233335180,111122223333444457176,964256,100,2020-07-30
1595971749345050,1111222233335180,111122223333444463104,964272,100,2020-07-30
1595971726095660,1111222233335530,111122223333444464278,964310,100,2020-07-30
1595764609539900,1111222233335180,111122223333444457568,964381,100,2020-07-30
1595764486672500,1111222233334600,111122223333444460455,963759,100,2020-07-30
1595971791392880,1111222233334660,111122223333444462813,964156,100,2020-07-30
1595971731418560,1111222233334500,111122223333444466264,963362,100,2020-07-30
1595764517616180,1111222233335520,111122223333444466100,964434,100,2020-07-30
1595764527133610,1111222233335440,111122223333444466035,963508,100,2020-07-30
1595764519006840,1111222233334970,111122223333444459879,964299,100,2020-07-30
1595764543818900,1111222233334800,111122223333444462598,964057,100,2020-07-30
1595764859597000,1111222233335020,111122223333444461161,964441,100,2020-07-30
1595764849232620,1111222233334810,111122223333444459658,964169,100,2020-07-30
1595764871398770,1111222233334480,111122223333444461629,964343,100,2020-07-30
1595764517068790,1111222233334550,111122223333444462567,963819,100,2020-07-30
1595764524529240,1111222233334800,111122223333444466449,963509,100,2020-07-30
1595764552785200,1111222233335440,111122223333444456005,963973,100,2020-07-30
1595764886342140,1111222233334670,111122223333444456509,963780,100,2020-07-30
1595764542808900,1111222233335460,111122223333444460491,964290,100,2020-07-30
1595764692048900,1111222233334800,111122223333444464978,963342,100,2020-07-30
1595764563899710,1111222233335050,111122223333444458959,963797,100,2020-07-30
1595971745594860,1111222233335050,111122223333444462387,963997,100,2020-07-30
1595764557823380,1111222233334800,111122223333444464769,963914,100,2020-07-30
1595764561777870,1111222233334830,111122223333444456976,963562,100,2020-07-30
1595764563709140,1111222233335020,111122223333444456066,964174,100,2020-07-30
1595971784373990,1111222233334460,111122223333444455844,964200,100,2020-07-30
1595971798242410,1111222233335390,111122223333444465894,963362,100,2020-07-30
1595971756930590,1111222233334870,111122223333444466165,964019,100,2020-07-30
1595971745961320,1111222233334810,111122223333444464889,963628,100,2020-07-30
1595764574421910,1111222233335370,111122223333444461092,964168,100,2020-07-30
1595764574396450,1111222233335200,111122223333444461861,963433,100,2020-07-30
1595972171877010,1111222233334930,111122223333444459620,964115,100,2020-07-30
1595971730145350,1111222233335370,111122223333444461065,963569,100,2020-07-30
1595764932512000,1111222233334610,111122223333444463604,963735,100,2020-07-30
1595971754451010,1111222233334620,111122223333444459776,964271,100,2020-07-30
1595971766655660,1111222233335280,111122223333444465430,963608,100,2020-07-30
1595764612140390,1111222233334500,111122223333444458153,964334,100,2020-07-30
1595764588420700,1111222233334530,111122223333444459612,963909,100,2020-07-30
1595764600758120,1111222233335450,111122223333444462403,964275,100,2020-07-30
1595764637429520,1111222233334690,111122223333444456022,964065,100,2020-07-30
1595764615957670,1111222233334890,111122223333444456657,964318,100,2020-07-30
1595764754434450,1111222233335420,111122223333444459267,963414,100,2020-07-30
1595764613142860,1111222233334730,111122223333444466230,964036,100,2020-07-30
1595764741443810,1111222233334770,111122223333444465697,963773,100,2020-07-30
1595764604058390,1111222233334520,111122223333444456466,964298,100,2020-07-30
1595764968402950,1111222233334890,111122223333444462100,964238,100,2020-07-30
1595971761552240,1111222233334730,111122223333444464135,964191,100,2020-07-30
1595764622354020,1111222233334540,111122223333444456783,963469,100,2020-07-30
1595764615382160,1111222233335310,111122223333444463919,963453,100,2020-07-30
1595764626805310,1111222233334530,111122223333444462490,963741,100,2020-07-30
1595971856650080,1111222233334760,111122223333444460301,963525,100,2020-07-30
1595971810213370,1111222233334950,111122223333444461664,964423,100,2020-07-30
1595764970982750,1111222233334830,111122223333444465027,963695,100,2020-07-30
1595764634801070,1111222233335210,111122223333444455896,964388,100,2020-07-30
1595764634005470,1111222233334730,111122223333444459084,963496,100,2020-07-30
1595764770610510,1111222233335400,111122223333444457999,963565,100,2020-07-30
1595971809449310,1111222233334980,111122223333444459249,963706,100,2020-07-30
1595971794196740,1111222233335270,111122223333444462459,963713,100,2020-07-30
1595764638782400,1111222233335260,111122223333444458032,963787,100,2020-07-30
1595764640821980,1111222233335170,111122223333444460543,963942,100,2020-07-30
1595764646454950,1111222233334640,111122223333444456779,964066,100,2020-07-30
1595971775593560,1111222233335030,111122223333444462264,964171,100,2020-07-30
1595764990176160,1111222233335190,111122223333444464120,963443,100,2020-07-30
1595765009786500,1111222233335480,111122223333444457179,964327,100,2020-07-30
1595764648904280,1111222233334460,111122223333444462671,964233,100,2020-07-30
1595764650328950,1111222233334650,111122223333444458539,963487,100,2020-07-30
1595764662319230,1111222233334640,111122223333444458603,963691,100,2020-07-30
1595764673983000,1111222233335500,111122223333444456496,963388,100,2020-07-30
1595764677575190,1111222233334870,111122223333444458432,963867,100,2020-07-30
1595764790997810,1111222233334990,111122223333444465583,964050,100,2020-07-30
1595764791284250,1111222233335130,111122223333444458925,963768,100,2020-07-30
1595765006576830,1111222233334460,111122223333444463527,963941,100,2020-07-30
1595764667433180,1111222233335340,111122223333444462598,963975,100,2020-07-30
1595972113531330,1111222233335290,111122223333444459789,964093,100,2020-07-30
1595764688060650,1111222233335140,111122223333444458760,964353,100,2020-07-30
1595764719386040,1111222233334820,111122223333444466136,964073,100,2020-07-30
1595764722888500,1111222233335480,111122223333444464120,963927,100,2020-07-30
1595765055315210,1111222233335160,111122223333444465498,964175,100,2020-07-30
1595971801332000,1111222233334850,111122223333444466573,963710,100,2020-07-30
1595765049699380,1111222233334670,111122223333444461082,963950,100,2020-07-30
1595971866938080,1111222233335300,111122223333444457901,964187,100,2020-07-30
1595764700946610,1111222233334890,111122223333444462497,964394,100,2020-07-30
1595765383374060,1111222233334590,111122223333444458965,963424,100,2020-07-30
1595764707159420,1111222233334610,111122223333444460185,964137,100,2020-07-30
1595971836510010,1111222233334940,111122223333444456859,963740,100,2020-07-30
1595765049733520,1111222233334490,111122223333444462758,963992,100,2020-07-30
1595764747344720,1111222233334840,111122223333444461962,964316,100,2020-07-30
1595764718515200,1111222233334910,111122223333444456100,964114,100,2020-07-30
1595764717889130,1111222233334510,111122223333444462753,964290,100,2020-07-30
1595764733420990,1111222233335220,111122223333444463708,963481,100,2020-07-30
1595764757368480,1111222233334940,111122223333444462404,964082,100,2020-07-30
1595764758674730,1111222233334530,111122223333444457566,964267,100,2020-07-30
1595971811869160,1111222233334450,111122223333444460290,963493,100,2020-07-30
1595764916099260,1111222233335000,111122223333444456062,964070,100,2020-07-30
1595971824133360,1111222233335050,111122223333444464766,964172,100,2020-07-30
1595765246778590,1111222233334440,111122223333444456092,963655,100,2020-07-30
1595765136856240,1111222233335100,111122223333444459909,964176,100,2020-07-30
1595764747796670,1111222233335140,111122223333444466528,963487,100,2020-07-30
1595765085880780,1111222233334560,111122223333444458991,964104,100,2020-07-30
1595765092141950,1111222233334460,111122223333444458157,964420,100,2020-07-30
1595764773426220,1111222233334960,111122223333444466385,963938,100,2020-07-30
1595764776963920,1111222233335520,111122223333444457913,964165,100,2020-07-30
1595973151966090,1111222233334540,111122223333444456399,964149,100,2020-07-30
1595764864429290,1111222233335520,111122223333444456029,963353,100,2020-07-30
1595764763496500,1111222233335510,111122223333444455903,963350,100,2020-07-30
1595764765404310,1111222233335510,111122223333444465555,964414,100,2020-07-30
1595764768445160,1111222233334910,111122223333444457590,964215,100,2020-07-30
1595971843282090,1111222233334540,111122223333444461823,964126,100,2020-07-30
1595764791305710,1111222233334570,111122223333444460928,963678,100,2020-07-30
1595765123785230,1111222233334750,111122223333444462528,964149,100,2020-07-30
1595971859661850,1111222233335100,111122223333444461563,963880,100,2020-07-30
1595764941482510,1111222233334840,111122223333444465513,963493,100,2020-07-30
1595764788328640,1111222233334830,111122223333444463321,964423,100,2020-07-30
1595971895421430,1111222233334960,111122223333444461529,964130,100,2020-07-30
1595764829635390,1111222233334510,111122223333444461433,964439,100,2020-07-30
1595765248842790,1111222233334900,111122223333444460954,964115,100,2020-07-30
1595973145090890,1111222233334710,111122223333444465051,963768,100,2020-07-30
1595764934402710,1111222233334520,111122223333444464655,964109,100,2020-07-30
1595764833548070,1111222233334630,111122223333444466210,963575,100,2020-07-30
1595764793639460,1111222233335160,111122223333444464513,963616,100,2020-07-30
1595764798784640,1111222233334560,111122223333444462607,964289,100,2020-07-30
1595971857306690,1111222233335260,111122223333444460774,963340,100,2020-07-30
1595764993485230,1111222233335090,111122223333444457966,964152,100,2020-07-30
1595765215382330,1111222233334620,111122223333444461605,964161,100,2020-07-30
1595764796462330,1111222233335160,111122223333444463408,964074,100,2020-07-30
1595764810840820,1111222233335040,111122223333444465723,964276,100,2020-07-30
1595764900100450,1111222233335410,111122223333444466074,963705,100,2020-07-30
1595764852258840,1111222233335210,111122223333444463001,964338,100,2020-07-30
1595764853534840,1111222233335220,111122223333444457979,963930,100,2020-07-30
1595764857488780,1111222233335210,111122223333444461046,964330,100,2020-07-30
1595764856969400,1111222233334950,111122223333444461007,964196,100,2020-07-30
1595764830946220,1111222233335010,111122223333444458629,964403,100,2020-07-30
1595765194368420,1111222233335430,111122223333444456288,964013,100,2020-07-30
1595971849142050,1111222233334670,111122223333444466491,963512,100,2020-07-30
1595764965625300,1111222233335330,111122223333444461572,963715,100,2020-07-30
1595764979683730,1111222233335170,111122223333444464323,963565,100,2020-07-30
1595971862177810,1111222233334650,111122223333444462813,963660,100,2020-07-30
1595764965683230,1111222233334520,111122223333444461449,963759,100,2020-07-30
1595765229256780,1111222233335470,111122223333444463433,964090,100,2020-07-30
1595971842408720,1111222233335450,111122223333444455739,963430,100,2020-07-30
1595764897786130,1111222233335360,111122223333444462770,963445,100,2020-07-30
1595764871320970,1111222233334490,111122223333444456996,963372,100,2020-07-30
1595765019655680,1111222233334960,111122223333444455832,964259,100,2020-07-30
1595765229983870,1111222233335540,111122223333444464582,963820,100,2020-07-30
1595764962427210,1111222233335020,111122223333444458184,964105,100,2020-07-30
1595765275820630,1111222233335050,111122223333444456065,964269,100,2020-07-30
1595764932956600,1111222233334830,111122223333444463292,963676,100,2020-07-30
1595765245123870,1111222233334950,111122223333444465629,964407,100,2020-07-30
1595764869229200,1111222233334920,111122223333444461313,963525,100,2020-07-30
1595765165312260,1111222233335530,111122223333444462950,964239,100,2020-07-30
1595765052494960,1111222233335400,111122223333444460455,964413,100,2020-07-30
1595765057158910,1111222233335380,111122223333444460969,963702,100,2020-07-30
1595764879636820,1111222233334610,111122223333444466400,963931,100,2020-07-30
1595764947983010,1111222233335080,111122223333444455702,963961,100,2020-07-30
1595765220584960,1111222233334590,111122223333444463585,963922,100,2020-07-30
1595971859643260,1111222233334650,111122223333444461810,964204,100,2020-07-30
1595764907178700,1111222233334970,111122223333444458518,963781,100,2020-07-30
1595973111664090,1111222233334660,111122223333444456709,964028,100,2020-07-30
1595765138531850,1111222233334810,111122223333444456917,963934,100,2020-07-30
1595765613432850,1111222233335090,111122223333444459390,963872,100,2020-07-30
1595765338255380,1111222233335270,111122223333444466327,963749,100,2020-07-30
1595764914831890,1111222233334800,111122223333444465742,963743,100,2020-07-30
1595765356705860,1111222233335030,111122223333444461898,964248,100,2020-07-30
1595457400741100,1111222233335250,111122223333444466148,963556,100,2020-07-30
1595971864224970,1111222233334500,111122223333444456736,963989,100,2020-07-30
1595971853728700,1111222233335110,111122223333444456916,963449,100,2020-07-30
1595764964920670,1111222233335520,111122223333444465267,964369,100,2020-07-30
1595765251716470,1111222233335230,111122223333444460505,963506,100,2020-07-30
1595971806048590,1111222233335330,111122223333444465013,963945,100,2020-07-30
1595764952614360,1111222233335020,111122223333444459621,963359,100,2020-07-30
1595764929101340,1111222233334710,111122223333444457540,963635,100,2020-07-30
1595764932595550,1111222233335470,111122223333444460230,964247,100,2020-07-30
1595764939629610,1111222233334750,111122223333444456736,963970,100,2020-07-30
1595764940390880,1111222233335430,111122223333444464566,964361,100,2020-07-30
1595971942661380,1111222233334620,111122223333444462044,964182,100,2020-07-30
1595765463479920,1111222233334590,111122223333444458044,963846,100,2020-07-30
1595764997761010,1111222233335080,111122223333444460553,963838,100,2020-07-30
1595765349172200,1111222233335260,111122223333444464832,964235,100,2020-07-30
1595765485550910,1111222233334560,111122223333444462895,963666,100,2020-07-30
1595764956641880,1111222233335110,111122223333444457743,963991,100,2020-07-30
1595764972876460,1111222233335010,111122223333444459005,963940,100,2020-07-30
1595764978915830,1111222233334850,111122223333444458718,964385,100,2020-07-30
1595765142080890,1111222233335160,111122223333444465586,963818,100,2020-07-30
1595764979077380,1111222233334690,111122223333444466012,964165,100,2020-07-30
1595765174664530,1111222233334700,111122223333444461073,963790,100,2020-07-30
1595765465353990,1111222233335380,111122223333444461089,963866,100,2020-07-30
1595765022218180,1111222233334560,111122223333444461499,964217,100,2020-07-30
1595765344449200,1111222233335470,111122223333444463811,963953,100,2020-07-30
1595764992241870,1111222233334490,111122223333444458556,964142,100,2020-07-30
1595764995563210,1111222233334750,111122223333444465516,963932,100,2020-07-30
1595765002762330,1111222233334870,111122223333444457125,964028,100,2020-07-30
1595765175513700,1111222233335360,111122223333444466066,963658,100,2020-07-30
1595765179342250,1111222233335490,111122223333444464889,964100,100,2020-07-30
1595765039006340,1111222233334670,111122223333444461037,963909,100,2020-07-30
1595765074741720,1111222233334690,111122223333444461055,964008,100,2020-07-30
1595765088800360,1111222233335060,111122223333444457043,963801,100,2020-07-30
1595765101448700,1111222233334770,111122223333444465060,964386,100,2020-07-30
1595971856424600,1111222233335240,111122223333444460894,963849,100,2020-07-30
1595765021152760,1111222233334600,111122223333444465667,963840,100,2020-07-30
1595765030772170,1111222233334750,111122223333444464495,964155,100,2020-07-30
1595765140002810,1111222233334520,111122223333444456143,964253,100,2020-07-30
1595765025708510,1111222233334910,111122223333444459507,963595,100,2020-07-30
1595765030560850,1111222233335290,111122223333444461159,964206,100,2020-07-30
1595765037419590,1111222233334880,111122223333444459793,963935,100,2020-07-30
1595765373275930,1111222233335260,111122223333444456367,963845,100,2020-07-30
1595971887443010,1111222233334850,111122223333444459167,964184,100,2020-07-30
1595971951993340,1111222233334670,111122223333444464023,963629,100,2020-07-30
1595765451277890,1111222233334510,111122223333444458571,964328,100,2020-07-30
1595457412184120,1111222233335030,111122223333444465042,964339,100,2020-07-30
1595971892596850,1111222233335530,111122223333444461217,963503,100,2020-07-30
1595765200092980,1111222233334970,111122223333444463185,964410,100,2020-07-30
1595765341136960,1111222233335140,111122223333444456834,963411,100,2020-07-30
1595765054694270,1111222233335110,111122223333444458198,963520,100,2020-07-30
1595765075888870,1111222233334490,111122223333444461119,963861,100,2020-07-30
1595765163721620,1111222233334800,111122223333444465889,964416,100,2020-07-30
1595765219596360,1111222233334470,111122223333444461100,964064,100,2020-07-30
1595765109272890,1111222233334800,111122223333444461346,964169,100,2020-07-30
1595765162396090,1111222233335300,111122223333444457219,964367,100,2020-07-30
1595765123839440,1111222233335000,111122223333444460254,963878,100,2020-07-30
1595765133187400,1111222233335100,111122223333444464171,964104,100,2020-07-30
1595765797034470,1111222233334440,111122223333444459268,964213,100,2020-07-30
1595765791858570,1111222233335060,111122223333444462045,964047,100,2020-07-30
1595765102348740,1111222233335320,111122223333444458162,964220,100,2020-07-30
1595765121262080,1111222233334570,111122223333444458987,964337,100,2020-07-30
1595765153743720,1111222233335010,111122223333444465892,963913,100,2020-07-30
1595765173839920,1111222233335240,111122223333444464085,963533,100,2020-07-30
1595765551921870,1111222233335530,111122223333444456789,963449,100,2020-07-30
1595765236494500,1111222233334980,111122223333444461056,964042,100,2020-07-30
1595765245287600,1111222233335480,111122223333444460572,964078,100,2020-07-30
1595765270385930,1111222233335320,111122223333444460140,963611,100,2020-07-30
1595765535613110,1111222233334520,111122223333444458390,964321,100,2020-07-30
1595971847015740,1111222233334660,111122223333444462481,964187,100,2020-07-30
1595765186642780,1111222233335520,111122223333444466020,963505,100,2020-07-30
1595765188745400,1111222233334500,111122223333444466643,964354,100,2020-07-30
1595765156422620,1111222233334790,111122223333444463597,963646,100,2020-07-30
1595973177673700,1111222233335080,111122223333444464955,963486,100,2020-07-30
1595765175687600,1111222233334650,111122223333444461146,964134,100,2020-07-30
1595765189936780,1111222233335180,111122223333444458072,963546,100,2020-07-30
1595765258036140,1111222233335320,111122223333444464991,964012,100,2020-07-30
1595765576493590,1111222233335100,111122223333444455635,963469,100,2020-07-30
1595457040194050,1111222233334720,111122223333444457919,963886,100,2020-07-30
1595457056521690,1111222233334500,111122223333444463686,963696,100,2020-07-30
1595457313166690,1111222233334450,111122223333444460670,963801,100,2020-07-30
1595971914740520,1111222233335550,111122223333444459128,963737,100,2020-07-30
1595765203288450,1111222233335130,111122223333444457419,963427,100,2020-07-30
1595457047562120,1111222233334870,111122223333444464081,964048,100,2020-07-30
1595457390055010,1111222233334610,111122223333444458762,963719,100,2020-07-30
1595454029229810,1111222233334970,111122223333444462314,963348,100,2020-07-30
1595454101211990,1111222233335050,111122223333444466230,964403,100,2020-07-30
1595765542898820,1111222233334660,111122223333444462550,963462,100,2020-07-30
1595765205069470,1111222233335180,111122223333444462417,963861,100,2020-07-30
1595454055391890,1111222233335370,111122223333444458472,964182,100,2020-07-30
1595765204277350,1111222233335140,111122223333444463217,963561,100,2020-07-30
1595454116571010,1111222233335060,111122223333444463721,964137,100,2020-07-30
1595454042278190,1111222233335000,111122223333444466619,963503,100,2020-07-30
1595454233586880,1111222233335260,111122223333444460504,964097,100,2020-07-30
1595454289145900,1111222233334500,111122223333444463728,963653,100,2020-07-30
1595971947134910,1111222233334910,111122223333444466033,964231,100,2020-07-30
1595765342572780,1111222233335370,111122223333444466165,963348,100,2020-07-30
1595454038595270,1111222233335190,111122223333444456927,963784,100,2020-07-30
1595454227034880,1111222233334770,111122223333444457368,964089,100,2020-07-30
1595454105213730,1111222233335450,111122223333444459339,963827,100,2020-07-30
1595454123313510,1111222233334990,111122223333444458839,964186,100,2020-07-30
1595765220790890,1111222233334620,111122223333444456611,963975,100,2020-07-30
1595454111072020,1111222233334970,111122223333444460224,964118,100,2020-07-30
1595971883677160,1111222233335160,111122223333444462896,964261,100,2020-07-30
1595454258615800,1111222233334680,111122223333444460509,964188,100,2020-07-30
1595454186376070,1111222233335160,111122223333444459632,963814,100,2020-07-30
1595454701083160,1111222233334830,111122223333444459390,964086,100,2020-07-30
1595454042837980,1111222233334450,111122223333444460536,964304,100,2020-07-30
1595765225342600,1111222233334780,111122223333444456645,964096,100,2020-07-30
1595454335522180,1111222233334470,111122223333444456563,963810,100,2020-07-30
1595454376799270,1111222233334680,111122223333444459814,964225,100,2020-07-30
1595454224026730,1111222233334800,111122223333444461958,964117,100,2020-07-30
1595454491751050,1111222233334880,111122223333444463925,963916,100,2020-07-30
1595457411456710,1111222233335070,111122223333444466277,963783,100,2020-07-30
1595765232224940,1111222233334600,111122223333444459242,964197,100,2020-07-30
1595454336398170,1111222233335110,111122223333444457852,964328,100,2020-07-30
1595454090653780,1111222233335520,111122223333444460606,963646,100,2020-07-30
1595454164514700,1111222233335460,111122223333444455668,964001,100,2020-07-30
1595454299031840,1111222233335430,111122223333444461918,963838,100,2020-07-30
1595971852368730,1111222233335510,111122223333444465180,963847,100,2020-07-30
1595765251944170,1111222233334680,111122223333444463281,963492,100,2020-07-30
1595765264215320,1111222233334990,111122223333444462311,963744,100,2020-07-30
1595765601649140,1111222233334560,111122223333444459811,963519,100,2020-07-30
1595765243773780,1111222233335100,111122223333444464228,964217,100,2020-07-30
1595454396977080,1111222233335310,111122223333444463524,963903,100,2020-07-30
1595765270251760,1111222233335180,111122223333444466415,963437,100,2020-07-30
1595765354051100,1111222233334860,111122223333444457479,964148,100,2020-07-30
1595765389932140,1111222233334610,111122223333444457686,963691,100,2020-07-30
1595765244559590,1111222233334980,111122223333444464185,963363,100,2020-07-30
1595454104834220,1111222233335220,111122223333444462893,963994,100,2020-07-30
1595457052007460,1111222233335050,111122223333444463476,964139,100,2020-07-30
1595765584545510,1111222233334800,111122223333444461371,964375,100,2020-07-30
1595765611596170,1111222233335160,111122223333444461125,963826,100,2020-07-30
1595765822441820,1111222233334880,111122223333444463989,963445,100,2020-07-30
1595971922152900,1111222233334990,111122223333444462701,963687,100,2020-07-30
1595765405615920,1111222233335340,111122223333444463269,963357,100,2020-07-30
1595765557845680,1111222233334940,111122223333444464605,964046,100,2020-07-30
1595765275610620,1111222233335200,111122223333444466551,964260,100,2020-07-30
1595454003514230,1111222233335230,111122223333444465904,963394,100,2020-07-30
1595454073897040,1111222233334440,111122223333444465274,963949,100,2020-07-30
1595765276875730,1111222233334590,111122223333444459742,964004,100,2020-07-30
1595454229920780,1111222233334970,111122223333444464315,964379,100,2020-07-30
1595454325903060,1111222233334850,111122223333444457587,963686,100,2020-07-30
1595454438445030,1111222233335020,111122223333444466107,963504,100,2020-07-30
1595765290291470,1111222233335130,111122223333444457973,963836,100,2020-07-30
1595765324611980,1111222233335480,111122223333444466654,963387,100,2020-07-30
1595454164467020,1111222233335360,111122223333444463362,963395,100,2020-07-30
1595454239032190,1111222233334730,111122223333444462672,963571,100,2020-07-30
1595765826826060,1111222233334530,111122223333444460024,963558,100,2020-07-30
1595454170852450,1111222233334900,111122223333444463918,964194,100,2020-07-30
1595454259843220,1111222233335040,111122223333444460487,963633,100,2020-07-30
1595454442505980,1111222233334960,111122223333444459710,963406,100,2020-07-30
1595457051713860,1111222233334600,111122223333444465480,964253,100,2020-07-30
1595971895005270,1111222233334730,111122223333444465409,964116,100,2020-07-30
1595765304768090,1111222233335400,111122223333444460556,963925,100,2020-07-30
1595765304889930,1111222233334820,111122223333444466350,963904,100,2020-07-30
1595454050388580,1111222233334770,111122223333444456070,963613,100,2020-07-30
1595454693099440,1111222233334800,111122223333444456211,964182,100,2020-07-30
1595454712032730,1111222233335470,111122223333444463022,964253,100,2020-07-30
1595765298786900,1111222233335300,111122223333444459068,964133,100,2020-07-30
1595765345168000,1111222233334860,111122223333444456499,963716,100,2020-07-30
1595765485551440,1111222233334900,111122223333444459635,964355,100,2020-07-30
1595765724053100,1111222233335290,111122223333444457506,964260,100,2020-07-30
1595454073116480,1111222233335250,111122223333444460130,963988,100,2020-07-30
1595454199446800,1111222233335080,111122223333444461700,963627,100,2020-07-30
1595765444929460,1111222233334550,111122223333444456164,963762,100,2020-07-30
1595457435478980,1111222233335490,111122223333444462787,964060,100,2020-07-30
1595971924235410,1111222233335250,111122223333444465634,963864,100,2020-07-30
1595457493279240,1111222233334480,111122223333444457147,963724,100,2020-07-30
1595765344259170,1111222233335470,111122223333444464846,963632,100,2020-07-30
1595765435605180,1111222233335190,111122223333444458475,963486,100,2020-07-30
1595765519873970,1111222233335280,111122223333444464765,964344,100,2020-07-30
1595765662782080,1111222233334970,111122223333444455747,964071,100,2020-07-30
1595765309970050,1111222233335440,111122223333444463612,963474,100,2020-07-30
1595765311123760,1111222233334720,111122223333444460854,964035,100,2020-07-30
1595971902190490,1111222233335400,111122223333444460382,964315,100,2020-07-30
1595454137903060,1111222233335240,111122223333444464535,963995,100,2020-07-30
1595765321611940,1111222233334560,111122223333444464045,964437,100,2020-07-30
1595765326582850,1111222233334910,111122223333444463836,963516,100,2020-07-30
1595765395946130,1111222233334460,111122223333444462087,964162,100,2020-07-30
1595765465957630,1111222233335250,111122223333444457460,963634,100,2020-07-30
1595454502733250,1111222233335020,111122223333444459323,963686,100,2020-07-30
1595454510178870,1111222233335530,111122223333444465008,964055,100,2020-07-30
1595765339270670,1111222233335180,111122223333444465225,963725,100,2020-07-30
1595765351599020,1111222233334640,111122223333444464189,964351,100,2020-07-30
1595765380658820,1111222233334770,111122223333444459013,964215,100,2020-07-30
1595454096343310,1111222233335080,111122223333444464072,963957,100,2020-07-30
1595765428880700,1111222233334810,111122223333444466263,963501,100,2020-07-30
1595765429348860,1111222233334600,111122223333444462851,964080,100,2020-07-30
1595765724034980,1111222233334750,111122223333444465044,964381,100,2020-07-30
1595765368206340,1111222233334460,111122223333444456081,963420,100,2020-07-30
1595765412278130,1111222233334700,111122223333444463567,964337,100,2020-07-30
1595765381947140,1111222233335090,111122223333444456245,963993,100,2020-07-30
1595765726972110,1111222233334710,111122223333444458080,963926,100,2020-07-30
1595776529191660,1111222233335340,111122223333444466411,964302,100,2020-07-30
1595776655535800,1111222233335350,111122223333444457098,963790,100,2020-07-30
1595765385895230,1111222233335360,111122223333444457739,964154,100,2020-07-30
1595765523593610,1111222233334530,111122223333444465570,963529,100,2020-07-30
1595765577862730,1111222233335060,111122223333444466630,963971,100,2020-07-30
1595765755360690,1111222233335550,111122223333444460573,964120,100,2020-07-30
1595765784484860,1111222233335140,111122223333444461414,963933,100,2020-07-30
1595454134456450,1111222233334980,111122223333444457660,963669,100,2020-07-30
1595765450171080,1111222233334990,111122223333444458644,963506,100,2020-07-30
1595765588731440,1111222233335070,111122223333444459952,963869,100,2020-07-30
1595972019862870,1111222233334800,111122223333444460772,963920,100,2020-07-30
1595765747135490,1111222233335250,111122223333444464677,964086,100,2020-07-30
1595765822766930,1111222233334900,111122223333444464208,963379,100,2020-07-30
1595766102364240,1111222233335500,111122223333444465228,964419,100,2020-07-30
1595972044696780,1111222233335440,111122223333444457832,964379,100,2020-07-30
1595765910486120,1111222233335060,111122223333444460757,964193,100,2020-07-30
1595765925393250,1111222233335270,111122223333444461265,964158,100,2020-07-30
1595766073333810,1111222233334540,111122223333444458692,964240,100,2020-07-30
1595765436804140,1111222233334710,111122223333444460915,963391,100,2020-07-30
1595454353858280,1111222233335430,111122223333444460400,963421,100,2020-07-30
1595454542201000,1111222233335310,111122223333444466370,964137,100,2020-07-30
1595765436059100,1111222233334730,111122223333444458924,963366,100,2020-07-30
1595765440468700,1111222233334490,111122223333444462668,964164,100,2020-07-30
1595765453694510,1111222233334880,111122223333444462930,964375,100,2020-07-30
1595765523849250,1111222233334920,111122223333444458312,964381,100,2020-07-30
1595765578426290,1111222233335200,111122223333444461638,963780,100,2020-07-30
1595455006248350,1111222233335490,111122223333444456627,963388,100,2020-07-30
1595765448522360,1111222233335000,111122223333444465634,964108,100,2020-07-30
1595765488956240,1111222233334750,111122223333444457827,964060,100,2020-07-30
1595765728066610,1111222233335460,111122223333444461000,963782,100,2020-07-30
1595454535573540,1111222233335350,111122223333444460625,964391,100,2020-07-30
1595971985741410,1111222233335100,111122223333444463088,964313,100,2020-07-30
1595765589184650,1111222233335050,111122223333444460192,963853,100,2020-07-30
1595765631534610,1111222233335360,111122223333444458603,963749,100,2020-07-30
1595765670792640,1111222233335520,111122223333444456221,964253,100,2020-07-30
1595765542190550,1111222233335310,111122223333444464642,963636,100,2020-07-30
1595765564884530,1111222233334960,111122223333444456195,964356,100,2020-07-30
1595765718639110,1111222233334480,111122223333444456420,963546,100,2020-07-30
1595765474335000,1111222233334940,111122223333444462479,963854,100,2020-07-30
1595765776083610,1111222233334630,111122223333444455905,963846,100,2020-07-30
1595765935360570,1111222233334680,111122223333444457299,963925,100,2020-07-30
1595776530296430,1111222233334920,111122223333444455940,964268,100,2020-07-30
1595454227963070,1111222233335100,111122223333444460496,963775,100,2020-07-30
1595454282930610,1111222233334630,111122223333444456351,963764,100,2020-07-30
1595454623735780,1111222233335480,111122223333444464497,964119,100,2020-07-30
1595765480584040,1111222233334760,111122223333444460529,963497,100,2020-07-30
1595457221752870,1111222233335070,111122223333444460551,963558,100,2020-07-30
1595765623168160,1111222233334830,111122223333444465242,963636,100,2020-07-30
1595454594162610,1111222233334590,111122223333444463404,964005,100,2020-07-30
1595765941849200,1111222233334840,111122223333444457772,963864,100,2020-07-30
1595766162401270,1111222233334470,111122223333444463880,964335,100,2020-07-30
1595454553925220,1111222233335040,111122223333444458132,964233,100,2020-07-30
1595454558322950,1111222233335070,111122223333444461075,964373,100,2020-07-30
1595454475318210,1111222233335040,111122223333444463505,963758,100,2020-07-30
1595454302312340,1111222233334440,111122223333444462894,963541,100,2020-07-30
1595454633936720,1111222233335050,111122223333444456093,963404,100,2020-07-30
1595971969947660,1111222233335320,111122223333444456036,964380,100,2020-07-30
1595454658823920,1111222233335270,111122223333444458382,963976,100,2020-07-30
1595765535708880,1111222233334730,111122223333444461577,963468,100,2020-07-30
1595765697620950,1111222233334550,111122223333444465480,964429,100,2020-07-30
1595765722629330,1111222233334920,111122223333444461357,963929,100,2020-07-30
1595973113103000,1111222233335400,111122223333444462882,963899,100,2020-07-30
1595454477457780,1111222233334980,111122223333444460667,963414,100,2020-07-30
1595765884065220,1111222233334950,111122223333444465225,963639,100,2020-07-30
1595766058625360,1111222233335220,111122223333444458152,964259,100,2020-07-30
1595766094726880,1111222233334540,111122223333444460899,963805,100,2020-07-30
1595971968672070,1111222233334590,111122223333444458420,963338,100,2020-07-30
1595454613086890,1111222233334860,111122223333444457833,964179,100,2020-07-30
1595454642757580,1111222233335310,111122223333444456451,963669,100,2020-07-30
1595971938656230,1111222233335170,111122223333444465100,964099,100,2020-07-30
1595971927347920,1111222233334790,111122223333444463988,964409,100,2020-07-30
1595765527925310,1111222233335140,111122223333444465829,963984,100,2020-07-30
1595454642484660,1111222233335460,111122223333444464295,964406,100,2020-07-30
1595765521441940,1111222233335100,111122223333444456380,963604,100,2020-07-30
1595454466028750,1111222233335120,111122223333444465770,964235,100,2020-07-30
1595454315742480,1111222233335100,111122223333444457182,963776,100,2020-07-30
1595454320092260,1111222233334670,111122223333444463216,964324,100,2020-07-30
1595765521248880,1111222233335490,111122223333444459205,963892,100,2020-07-30
1595765536999760,1111222233334480,111122223333444463381,963370,100,2020-07-30
1595454664633750,1111222233335080,111122223333444459590,964273,100,2020-07-30
1595765534243340,1111222233335090,111122223333444457276,963858,100,2020-07-30
1595454357712730,1111222233335090,111122223333444458288,964078,100,2020-07-30
1595454379919600,1111222233334750,111122223333444464676,963502,100,2020-07-30
1595454652495120,1111222233335110,111122223333444463726,963748,100,2020-07-30
1595765548652700,1111222233334710,111122223333444460030,963612,100,2020-07-30
1595765552368640,1111222233334950,111122223333444463952,963410,100,2020-07-30
1595765631127350,1111222233335190,111122223333444459874,964438,100,2020-07-30
1595765535850950,1111222233335450,111122223333444456989,963729,100,2020-07-30
1595765966796340,1111222233335250,111122223333444458884,963692,100,2020-07-30
1595765561484250,1111222233334790,111122223333444459650,964254,100,2020-07-30
1595765611690750,1111222233334770,111122223333444465696,964278,100,2020-07-30
1595765666577690,1111222233334560,111122223333444455651,964151,100,2020-07-30
1595765545821250,1111222233334450,111122223333444457623,963580,100,2020-07-30
1595457067621770,1111222233334570,111122223333444461196,963881,100,2020-07-30
1595457086302420,1111222233335260,111122223333444465964,963869,100,2020-07-30
1595457240480770,1111222233334860,111122223333444460399,963707,100,2020-07-30
1595457192998670,1111222233334570,111122223333444462010,963594,100,2020-07-30
1595765547451800,1111222233335330,111122223333444462308,963979,100,2020-07-30
1595765576127340,1111222233335520,111122223333444462099,964004,100,2020-07-30
1595765597466540,1111222233335350,111122223333444458973,963357,100,2020-07-30
1595765616533060,1111222233335250,111122223333444456690,963985,100,2020-07-30
1595454782527670,1111222233335090,111122223333444462542,963419,100,2020-07-30
1595971873834460,1111222233335470,111122223333444460784,964386,100,2020-07-30
1595765774563970,1111222233334870,111122223333444459886,964046,100,2020-07-30
1595765974742710,1111222233335380,111122223333444457013,964135,100,2020-07-30
1595765824995350,1111222233334980,111122223333444466631,964388,100,2020-07-30
1595766017846350,1111222233334490,111122223333444466088,964422,100,2020-07-30
1595766117170100,1111222233334500,111122223333444465323,964018,100,2020-07-30
1595454357940230,1111222233335330,111122223333444456259,964276,100,2020-07-30
1595454360943260,1111222233335160,111122223333444464647,964316,100,2020-07-30
1595454362500480,1111222233335030,111122223333444459672,963730,100,2020-07-30
1595454600871720,1111222233335480,111122223333444461241,964313,100,2020-07-30
1595454368558140,1111222233335070,111122223333444463154,964091,100,2020-07-30
1595454680008170,1111222233335030,111122223333444460859,963444,100,2020-07-30
1595765936193980,1111222233334650,111122223333444460897,963409,100,2020-07-30
1595454739839170,1111222233334570,111122223333444458024,963545,100,2020-07-30
1595454416448650,1111222233335060,111122223333444459436,963363,100,2020-07-30
1595765581015990,1111222233334800,111122223333444461131,964401,100,2020-07-30
1595765706671190,1111222233335370,111122223333444458044,964130,100,2020-07-30
1595457340464280,1111222233335230,111122223333444463902,963602,100,2020-07-30
1595457431845180,1111222233334460,111122223333444457315,964426,100,2020-07-30
1595765581208740,1111222233335520,111122223333444461219,963966,100,2020-07-30
1595765969545210,1111222233335410,111122223333444461634,963910,100,2020-07-30
1595765982327840,1111222233335140,111122223333444463861,964389,100,2020-07-30
1595765600136980,1111222233334930,111122223333444464743,963501,100,2020-07-30
1595766001331310,1111222233334670,111122223333444458095,963896,100,2020-07-30
1595765860064180,1111222233334460,111122223333444458466,964095,100,2020-07-30
1595776543431360,1111222233335120,111122223333444456129,963687,100,2020-07-30
1595971973844180,1111222233335170,111122223333444457229,964126,100,2020-07-30
1595765760975800,1111222233335280,111122223333444462615,963437,100,2020-07-30
1595765767134110,1111222233334750,111122223333444456264,963575,100,2020-07-30
1595972005937510,1111222233335350,111122223333444464789,964330,100,2020-07-30
1595972241574020,1111222233335170,111122223333444465351,963759,100,2020-07-30
1595765798845530,1111222233334850,111122223333444458522,963434,100,2020-07-30
1595766009324330,1111222233335230,111122223333444466076,963783,100,2020-07-30
1595765634013980,1111222233335510,111122223333444460429,964023,100,2020-07-30
1595765757580870,1111222233334710,111122223333444458326,964038,100,2020-07-30
1595457096894140,1111222233335190,111122223333444457327,964153,100,2020-07-30
1595457201942380,1111222233334460,111122223333444465818,963714,100,2020-07-30
1595765652146570,1111222233335210,111122223333444461516,963370,100,2020-07-30
1595765703606960,1111222233335460,111122223333444458416,964037,100,2020-07-30
1595765713616190,1111222233335070,111122223333444458872,964377,100,2020-07-30
1595765731397400,1111222233334670,111122223333444462575,964329,100,2020-07-30
1595765653637530,1111222233335380,111122223333444465359,963635,100,2020-07-30
1595765798866380,1111222233334820,111122223333444462952,963560,100,2020-07-30
1595776542644950,1111222233334950,111122223333444464490,963470,100,2020-07-30
1595765654050060,1111222233335160,111122223333444462152,963938,100,2020-07-30
1595765736944250,1111222233334520,111122223333444460821,963587,100,2020-07-30
1595765716603670,1111222233335030,111122223333444455957,963820,100,2020-07-30
1595765848120830,1111222233335230,111122223333444456626,964381,100,2020-07-30
1595765877606230,1111222233334960,111122223333444465119,963681,100,2020-07-30
1595457203935400,1111222233335500,111122223333444461660,964400,100,2020-07-30
1595766201491910,1111222233335530,111122223333444456430,963817,100,2020-07-30
1595971957307740,1111222233335510,111122223333444464803,964344,100,2020-07-30
1595765831880030,1111222233334620,111122223333444456242,964086,100,2020-07-30
1595765709543310,1111222233335220,111122223333444460359,964264,100,2020-07-30
1595765734084880,1111222233335110,111122223333444455984,964136,100,2020-07-30
1595766075396940,1111222233335310,111122223333444456019,963945,100,2020-07-30
1595765709124930,1111222233334840,111122223333444465921,964334,100,2020-07-30
1595765762460260,1111222233334610,111122223333444462788,963515,100,2020-07-30
1595765792219920,1111222233335370,111122223333444461987,963662,100,2020-07-30
1595766007760520,1111222233334630,111122223333444457686,963852,100,2020-07-30
1595765726532550,1111222233335510,111122223333444465359,963674,100,2020-07-30
1595765863022260,1111222233335260,111122223333444461711,964312,100,2020-07-30
1595766094966820,1111222233335100,111122223333444459069,963967,100,2020-07-30
1595971995437850,1111222233334910,111122223333444462652,964029,100,2020-07-30
1595765747887140,1111222233335030,111122223333444463453,964181,100,2020-07-30
1595765766968100,1111222233334950,111122223333444462541,963736,100,2020-07-30
1595765878842590,1111222233334890,111122223333444461631,964100,100,2020-07-30
1595766121687230,1111222233334850,111122223333444462577,963358,100,2020-07-30
1595766161327960,1111222233335510,111122223333444465246,963973,100,2020-07-30
1595766169343810,1111222233335390,111122223333444463296,963539,100,2020-07-30
1595766184103600,1111222233334500,111122223333444462802,964035,100,2020-07-30
1595766164177660,1111222233335000,111122223333444460599,963601,100,2020-07-30
1595765824015340,1111222233335200,111122223333444460719,963392,100,2020-07-30
1595765964897220,1111222233335480,111122223333444458997,964434,100,2020-07-30
1595765792955620,1111222233335260,111122223333444461934,964147,100,2020-07-30
1595765890596100,1111222233334800,111122223333444460326,964155,100,2020-07-30
1595765920287100,1111222233335370,111122223333444464119,964312,100,2020-07-30
1595765886778440,1111222233334840,111122223333444458580,963806,100,2020-07-30
1595765940365960,1111222233334760,111122223333444458051,964398,100,2020-07-30
1595765792059510,1111222233335490,111122223333444466645,963905,100,2020-07-30
1595765794745240,1111222233334970,111122223333444457145,963536,100,2020-07-30
1595765818180920,1111222233334600,111122223333444465447,963983,100,2020-07-30
1595765995471910,1111222233334500,111122223333444462250,963790,100,2020-07-30
1595765810614100,1111222233335320,111122223333444463496,964232,100,2020-07-30
1595765798942540,1111222233334980,111122223333444461314,963349,100,2020-07-30
1595765855448100,1111222233335140,111122223333444465069,964250,100,2020-07-30
1595766015136810,1111222233335010,111122223333444459478,963464,100,2020-07-30
1595766194981030,1111222233335340,111122223333444463035,964436,100,2020-07-30
1595765813053130,1111222233335260,111122223333444465909,963835,100,2020-07-30
1595765968333190,1111222233334770,111122223333444464870,963458,100,2020-07-30
1595765832427690,1111222233334860,111122223333444463971,964299,100,2020-07-30
1595765888842330,1111222233335110,111122223333444462402,963358,100,2020-07-30
1595765992293260,1111222233334610,111122223333444466149,964409,100,2020-07-30
1595765838919860,1111222233334680,111122223333444465732,963856,100,2020-07-30
1595765860910820,1111222233334890,111122223333444462997,963589,100,2020-07-30
1595765933776290,1111222233334530,111122223333444462936,964325,100,2020-07-30
1595765965458110,1111222233335100,111122223333444465795,963525,100,2020-07-30
1595765856611840,1111222233335360,111122223333444463165,963386,100,2020-07-30
1595766041252840,1111222233335130,111122223333444460900,963692,100,2020-07-30
1595765865114920,1111222233335110,111122223333444463983,963933,100,2020-07-30
1595776546705880,1111222233335380,111122223333444463273,963868,100,2020-07-30
1595765871475860,1111222233334600,111122223333444456576,963911,100,2020-07-30
1595454793559390,1111222233335250,111122223333444464480,963461,100,2020-07-30
1595766211239210,1111222233335170,111122223333444456327,963385,100,2020-07-30
1595766256066040,1111222233334820,111122223333444465519,964082,100,2020-07-30
1595766530848730,1111222233334960,111122223333444460085,963754,100,2020-07-30
1595766548645610,1111222233335220,111122223333444460553,964158,100,2020-07-30
1595766029815240,1111222233335530,111122223333444463700,963814,100,2020-07-30
1595454410239730,1111222233335000,111122223333444461590,963997,100,2020-07-30
1595454760055750,1111222233334750,111122223333444458387,963973,100,2020-07-30
1595454775301910,1111222233334560,111122223333444464511,963983,100,2020-07-30
1595454788993210,1111222233335420,111122223333444461107,964301,100,2020-07-30
1595971988678490,1111222233334870,111122223333444457009,964139,100,2020-07-30
1595454715648120,1111222233334860,111122223333444458008,964377,100,2020-07-30
1595454861964910,1111222233334570,111122223333444462144,963763,100,2020-07-30
1595454906153170,1111222233335000,111122223333444461036,964334,100,2020-07-30
1595765924602570,1111222233334550,111122223333444462029,964303,100,2020-07-30
1595765936271950,1111222233335470,111122223333444457361,963467,100,2020-07-30
1595765962740170,1111222233335460,111122223333444456810,963484,100,2020-07-30
1595776548669180,1111222233334680,111122223333444462757,964144,100,2020-07-30
1595454447315270,1111222233334470,111122223333444466412,963583,100,2020-07-30
1595454865600080,1111222233334570,111122223333444461917,964293,100,2020-07-30
1595765964785140,1111222233335440,111122223333444456452,963670,100,2020-07-30
1595971985305870,1111222233334720,111122223333444466250,963878,100,2020-07-30
1595766052988180,1111222233334980,111122223333444464661,963896,100,2020-07-30
1595766224671670,1111222233334640,111122223333444460244,963388,100,2020-07-30
1595972017767080,1111222233334840,111122223333444458406,963552,100,2020-07-30
1595972042685050,1111222233334560,111122223333444456550,963662,100,2020-07-30
1595765985669190,1111222233335080,111122223333444456474,963684,100,2020-07-30
1595766144463620,1111222233335450,111122223333444460232,963647,100,2020-07-30
1595766011615390,1111222233334670,111122223333444457669,963470,100,2020-07-30
1595766018599480,1111222233335390,111122223333444464342,964192,100,2020-07-30
1595454468743430,1111222233334640,111122223333444463704,963691,100,2020-07-30
1595766356299040,1111222233335180,111122223333444465995,964365,100,2020-07-30
1595766024765300,1111222233334840,111122223333444459641,963384,100,2020-07-30
1595766027846130,1111222233334710,111122223333444461544,964016,100,2020-07-30
1595766127104310,1111222233334440,111122223333444463439,963628,100,2020-07-30
1595766128199860,1111222233334520,111122223333444457206,963780,100,2020-07-30
1595766160674880,1111222233334470,111122223333444465735,963525,100,2020-07-30
1595766173040380,1111222233334990,111122223333444459052,964219,100,2020-07-30
1595454858002290,1111222233334510,111122223333444458497,963501,100,2020-07-30
1595766027488460,1111222233334540,111122223333444462508,964233,100,2020-07-30
1595766162928270,1111222233334720,111122223333444456934,964362,100,2020-07-30
1595766709023300,1111222233335030,111122223333444457193,963499,100,2020-07-30
1595766970800860,1111222233335050,111122223333444458881,963822,100,2020-07-30
1595766062709670,1111222233334570,111122223333444462968,964307,100,2020-07-30
1595766047671270,1111222233335260,111122223333444459455,964117,100,2020-07-30
1595766404428220,1111222233335320,111122223333444455573,963906,100,2020-07-30
1595454556211930,1111222233335410,111122223333444465063,964081,100,2020-07-30
1595454591387670,1111222233335070,111122223333444462363,963561,100,2020-07-30
1595766104560380,1111222233335440,111122223333444455989,964227,100,2020-07-30
1595766049963250,1111222233334520,111122223333444465882,963636,100,2020-07-30
1595454655475070,1111222233335020,111122223333444464601,963968,100,2020-07-30
1595766183264500,1111222233334670,111122223333444465770,963719,100,2020-07-30
1595766429470570,1111222233334770,111122223333444461645,963371,100,2020-07-30
1595766051409940,1111222233334590,111122223333444463973,963337,100,2020-07-30
1595766079784010,1111222233334520,111122223333444463191,964278,100,2020-07-30
1595766420089740,1111222233335240,111122223333444459100,964019,100,2020-07-30
1595776691597470,1111222233335380,111122223333444463923,963386,100,2020-07-30
1595766061992990,1111222233334880,111122223333444459822,964218,100,2020-07-30
1595766441933070,1111222233335120,111122223333444462390,963779,100,2020-07-30
1595454533516440,1111222233335200,111122223333444456152,964228,100,2020-07-30
1595766405591650,1111222233335440,111122223333444456717,963973,100,2020-07-30
1595766158329700,1111222233334540,111122223333444456033,963674,100,2020-07-30
1595766212000650,1111222233335530,111122223333444455979,963483,100,2020-07-30
1595766302645890,1111222233335380,111122223333444459202,964278,100,2020-07-30
1595973194905470,1111222233334740,111122223333444458907,964193,100,2020-07-30
1595454498840080,1111222233335550,111122223333444464829,963458,100,2020-07-30
1595454522933440,1111222233335250,111122223333444462209,963807,100,2020-07-30
1595454839939220,1111222233334610,111122223333444459566,963818,100,2020-07-30
1595766100354100,1111222233335430,111122223333444455697,964435,100,2020-07-30
1595455036619720,1111222233334690,111122223333444460063,963897,100,2020-07-30
1595766294611950,1111222233335510,111122223333444463873,964392,100,2020-07-30
1595454510940630,1111222233335500,111122223333444465506,964225,100,2020-07-30
1595454630296260,1111222233334920,111122223333444462540,963983,100,2020-07-30
1595454979028460,1111222233334880,111122223333444457947,964228,100,2020-07-30
1595766158938900,1111222233335100,111122223333444463958,963959,100,2020-07-30
1595971998376770,1111222233335290,111122223333444456475,963461,100,2020-07-30
1595972019904990,1111222233334680,111122223333444458492,964047,100,2020-07-30
1595766124506390,1111222233335040,111122223333444457030,963646,100,2020-07-30
1595766252160920,1111222233334600,111122223333444465545,963980,100,2020-07-30
1595766323269240,1111222233334540,111122223333444464418,964247,100,2020-07-30
1595766129839210,1111222233335320,111122223333444457294,964076,100,2020-07-30
1595766139045790,1111222233334480,111122223333444464016,964368,100,2020-07-30
1595972036255660,1111222233335430,111122223333444464643,964374,100,2020-07-30
1595766163688600,1111222233335540,111122223333444463206,963696,100,2020-07-30
1595766264411630,1111222233335410,111122223333444461063,963441,100,2020-07-30
1595766131359000,1111222233335490,111122223333444455756,963423,100,2020-07-30
1595972064582190,1111222233335100,111122223333444456809,963405,100,2020-07-30
1595972070638880,1111222233334730,111122223333444456674,963467,100,2020-07-30
1595766133368120,1111222233335400,111122223333444460777,964431,100,2020-07-30
1595454888245590,1111222233335050,111122223333444464268,964252,100,2020-07-30
1595766137164000,1111222233335330,111122223333444460984,963794,100,2020-07-30
1595766151101790,1111222233334810,111122223333444464740,964315,100,2020-07-30
1595766232243740,1111222233334510,111122223333444462065,963382,100,2020-07-30
1595766318869780,1111222233334610,111122223333444464399,964049,100,2020-07-30
1595766335173410,1111222233335340,111122223333444462192,963419,100,2020-07-30
1595766156397540,1111222233334950,111122223333444456603,963376,100,2020-07-30
1595455068348370,1111222233334610,111122223333444464815,963692,100,2020-07-30
1595766754898670,1111222233335540,111122223333444463018,963973,100,2020-07-30
1595766682179470,1111222233334700,111122223333444457902,964347,100,2020-07-30
1595766164845730,1111222233335330,111122223333444458440,963759,100,2020-07-30
1595454528488580,1111222233335330,111122223333444464844,963405,100,2020-07-30
1595766180461100,1111222233334710,111122223333444457655,963996,100,2020-07-30
1595766187703770,1111222233334470,111122223333444457193,963711,100,2020-07-30
1595766233270390,1111222233335280,111122223333444464157,964414,100,2020-07-30
1595766520319300,1111222233334660,111122223333444459806,963979,100,2020-07-30
1595766186816820,1111222233334830,111122223333444460892,964398,100,2020-07-30
1595454638083380,1111222233334830,111122223333444458971,963876,100,2020-07-30
1595971951415470,1111222233335520,111122223333444464711,963335,100,2020-07-30
1595766303878460,1111222233335270,111122223333444465098,964418,100,2020-07-30
1595766533405950,1111222233334650,111122223333444462304,964117,100,2020-07-30
1595776695401920,1111222233334660,111122223333444465247,964028,100,2020-07-30
1595766931077770,1111222233334810,111122223333444462488,963594,100,2020-07-30
1595766329780700,1111222233335140,111122223333444457171,963487,100,2020-07-30
1595766616997280,1111222233334950,111122223333444466438,964015,100,2020-07-30
1595776696353060,1111222233334920,111122223333444463660,964110,100,2020-07-30
1595766238561220,1111222233335520,111122223333444460274,963892,100,2020-07-30
1595454704256120,1111222233334730,111122223333444458775,963520,100,2020-07-30
1595766286257020,1111222233335090,111122223333444457724,964369,100,2020-07-30
1595454587306100,1111222233334640,111122223333444465164,963636,100,2020-07-30
1595455167314300,1111222233335500,111122223333444465170,963694,100,2020-07-30
1595766272562100,1111222233335340,111122223333444466446,963479,100,2020-07-30
1595766279958170,1111222233334670,111122223333444457569,963784,100,2020-07-30
1595776560862110,1111222233334610,111122223333444460630,964199,100,2020-07-30
1595776615864770,1111222233335470,111122223333444455875,963356,100,2020-07-30
1595776628524680,1111222233334630,111122223333444456934,963611,100,2020-07-30
1595972005987690,1111222233334600,111122223333444465434,964265,100,2020-07-30
1595454610639830,1111222233334960,111122223333444457225,964282,100,2020-07-30
1595455089125980,1111222233334730,111122223333444466504,963910,100,2020-07-30
1595454802653180,1111222233335300,111122223333444466545,963683,100,2020-07-30
1595766297523900,1111222233334760,111122223333444465004,963381,100,2020-07-30
1595766296093390,1111222233335470,111122223333444462540,964367,100,2020-07-30
1595766632607610,1111222233334930,111122223333444462574,964359,100,2020-07-30
1595972052289910,1111222233335330,111122223333444465712,963423,100,2020-07-30
1595766334609010,1111222233334460,111122223333444459230,963642,100,2020-07-30
1595766472830170,1111222233334850,111122223333444466006,963399,100,2020-07-30
1595972011005240,1111222233335090,111122223333444458575,964202,100,2020-07-30
1595454633366980,1111222233335280,111122223333444462163,963402,100,2020-07-30
1595766297385290,1111222233334600,111122223333444465046,963825,100,2020-07-30
1595972000944570,1111222233334620,111122223333444466157,964405,100,2020-07-30
1595766305623230,1111222233334450,111122223333444465538,963407,100,2020-07-30
1595766662457770,1111222233334460,111122223333444462695,963927,100,2020-07-30
1595766686634050,1111222233334490,111122223333444464451,963750,100,2020-07-30
1595766306922710,1111222233334920,111122223333444460412,964239,100,2020-07-30
1595766307512470,1111222233334500,111122223333444459085,964009,100,2020-07-30
1595766432320100,1111222233334780,111122223333444462669,963744,100,2020-07-30
1595766357828720,1111222233335480,111122223333444463608,963801,100,2020-07-30
1595766532474120,1111222233334990,111122223333444458983,964279,100,2020-07-30
1595766372199200,1111222233334940,111122223333444464998,964212,100,2020-07-30
1595766628239110,1111222233334620,111122223333444456283,964278,100,2020-07-30
1595766923603290,1111222233334660,111122223333444463207,963432,100,2020-07-30
1595454826574650,1111222233334950,111122223333444461443,963376,100,2020-07-30
1595454840429630,1111222233334590,111122223333444463351,964296,100,2020-07-30
1595972053630670,1111222233334590,111122223333444460327,964073,100,2020-07-30
1595454714401090,1111222233335220,111122223333444465764,964240,100,2020-07-30
1595454724428820,1111222233334600,111122223333444462904,964220,100,2020-07-30
1595455213825950,1111222233334550,111122223333444459098,964294,100,2020-07-30
1595766351454230,1111222233335340,111122223333444457651,964237,100,2020-07-30
1595454929458490,1111222233334440,111122223333444459797,964146,100,2020-07-30
1595972022525990,1111222233335060,111122223333444462029,963573,100,2020-07-30
1595766360105020,1111222233334620,111122223333444463801,964237,100,2020-07-30
1595766374852480,1111222233334820,111122223333444459502,964415,100,2020-07-30
1595766407034680,1111222233335510,111122223333444457722,963339,100,2020-07-30
1595776952630220,1111222233334550,111122223333444460710,964035,100,2020-07-30
1595776974370130,1111222233334440,111122223333444462607,964296,100,2020-07-30
1595766393104080,1111222233335220,111122223333444459775,963398,100,2020-07-30
1595766499047360,1111222233335110,111122223333444460657,963593,100,2020-07-30
1595766382240240,1111222233334680,111122223333444464571,964131,100,2020-07-30
1595766741676440,1111222233335290,111122223333444464700,963660,100,2020-07-30
1595972026235860,1111222233335340,111122223333444459619,963830,100,2020-07-30
1595972091414250,1111222233334510,111122223333444459443,964315,100,2020-07-30
1595766852410650,1111222233335320,111122223333444456731,963872,100,2020-07-30
1595766386004790,1111222233335140,111122223333444458908,964337,100,2020-07-30
1595972993335360,1111222233334780,111122223333444465129,964188,100,2020-07-30
1595766432628830,1111222233335050,111122223333444458623,963680,100,2020-07-30
1595766837921830,1111222233335060,111122223333444466450,963799,100,2020-07-30
1595766498059500,1111222233335190,111122223333444458694,963885,100,2020-07-30
1595766523252050,1111222233334920,111122223333444460024,963780,100,2020-07-30
1595766422217230,1111222233334800,111122223333444459083,964196,100,2020-07-30
1595766820152040,1111222233334840,111122223333444458997,964093,100,2020-07-30
1595766485326090,1111222233335490,111122223333444455998,963387,100,2020-07-30
1595766426659000,1111222233334450,111122223333444458571,963861,100,2020-07-30
1595766446260660,1111222233334680,111122223333444463591,963419,100,2020-07-30
1595766729090390,1111222233335220,111122223333444457171,964436,100,2020-07-30
1595972074691830,1111222233334690,111122223333444457346,964053,100,2020-07-30
1595766591086600,1111222233334690,111122223333444456790,963579,100,2020-07-30
1595766618410610,1111222233335180,111122223333444463349,964079,100,2020-07-30
1595766781091420,1111222233335010,111122223333444464855,963664,100,2020-07-30
1595766501845820,1111222233334460,111122223333444461650,963870,100,2020-07-30
1595766545230310,1111222233334900,111122223333444458019,963675,100,2020-07-30
1595972068721810,1111222233334670,111122223333444459442,964357,100,2020-07-30
1595766696485120,1111222233335200,111122223333444461462,963945,100,2020-07-30
1595766995805210,1111222233335020,111122223333444455890,964230,100,2020-07-30
1595972029669050,1111222233335480,111122223333444458316,964398,100,2020-07-30
1595766750688090,1111222233335000,111122223333444461164,963898,100,2020-07-30
1595766753554940,1111222233335040,111122223333444458441,963437,100,2020-07-30
1595766562057460,1111222233334900,111122223333444466194,964003,100,2020-07-30
1595766665341540,1111222233334690,111122223333444462526,963830,100,2020-07-30
1595766677504290,1111222233335260,111122223333444457766,964113,100,2020-07-30
1595766655637000,1111222233335170,111122223333444458587,963987,100,2020-07-30
1595766776482630,1111222233335250,111122223333444464129,964276,100,2020-07-30
1595766793992190,1111222233335100,111122223333444459417,963637,100,2020-07-30
1595766637534930,1111222233335320,111122223333444460990,964338,100,2020-07-30
1595766740792520,1111222233335490,111122223333444457418,963656,100,2020-07-30
1595766887322460,1111222233335040,111122223333444463220,964055,100,2020-07-30
1595766616641230,1111222233334980,111122223333444461453,964192,100,2020-07-30
1595766725957670,1111222233335520,111122223333444458195,963992,100,2020-07-30
1595766859504190,1111222233335280,111122223333444465651,964413,100,2020-07-30
1595766653072730,1111222233334450,111122223333444466541,963694,100,2020-07-30
1595766770779260,1111222233335470,111122223333444455897,964294,100,2020-07-30
1595776580212930,1111222233335430,111122223333444462031,963563,100,2020-07-30
1595766618975820,1111222233334840,111122223333444459760,963907,100,2020-07-30
1595766718895750,1111222233335030,111122223333444456790,963492,100,2020-07-30
1595766746955520,1111222233334910,111122223333444464780,964285,100,2020-07-30
1595766728594930,1111222233335280,111122223333444460984,964440,100,2020-07-30
1595766846200810,1111222233334620,111122223333444465585,963957,100,2020-07-30
1595972044421140,1111222233334440,111122223333444461243,963753,100,2020-07-30
1595972022450510,1111222233334500,111122223333444455807,963920,100,2020-07-30
1595766747453960,1111222233335540,111122223333444462100,964355,100,2020-07-30
1595766935246890,1111222233334830,111122223333444458469,964056,100,2020-07-30
1595776602671710,1111222233335380,111122223333444459635,964395,100,2020-07-30
1595766823323360,1111222233334840,111122223333444465863,964155,100,2020-07-30
1595766864721260,1111222233335100,111122223333444465222,964358,100,2020-07-30
1595776586539520,1111222233334470,111122223333444458675,964061,100,2020-07-30
1595776588454470,1111222233335180,111122223333444463777,963525,100,2020-07-30
1595972077876570,1111222233335170,111122223333444461954,963644,100,2020-07-30
1595972222437570,1111222233335170,111122223333444460055,964313,100,2020-07-30
1595972228402400,1111222233334850,111122223333444463548,964164,100,2020-07-30
1595766894643290,1111222233335120,111122223333444464596,964377,100,2020-07-30
1595776632019320,1111222233334660,111122223333444464755,964109,100,2020-07-30
1595776731032350,1111222233334710,111122223333444460276,964056,100,2020-07-30
1595972101394820,1111222233334660,111122223333444460142,963985,100,2020-07-30
1595776922310810,1111222233335290,111122223333444465537,963627,100,2020-07-30
1595972092906300,1111222233335200,111122223333444459846,963362,100,2020-07-30
1595776629894170,1111222233335060,111122223333444457070,964224,100,2020-07-30
1595776731157640,1111222233335410,111122223333444462048,964181,100,2020-07-30
1595454932746590,1111222233334840,111122223333444462011,963333,100,2020-07-30
1595454848643910,1111222233334820,111122223333444463395,963973,100,2020-07-30
1595455194641850,1111222233334640,111122223333444464440,964347,100,2020-07-30
1595454607999960,1111222233334480,111122223333444459085,963759,100,2020-07-30
1595454786555120,1111222233334680,111122223333444461875,964308,100,2020-07-30
1595972582995860,1111222233334790,111122223333444464490,964285,100,2020-07-30
1595776610461180,1111222233334530,111122223333444466086,963603,100,2020-07-30
1595776659519710,1111222233334850,111122223333444457402,963539,100,2020-07-30
1595776692498550,1111222233334770,111122223333444463996,963873,100,2020-07-30
1595776774068220,1111222233335350,111122223333444457023,963771,100,2020-07-30
1595776634112350,1111222233335280,111122223333444458319,963714,100,2020-07-30
1595776627786420,1111222233335000,111122223333444459918,963883,100,2020-07-30
1595776625983880,1111222233334820,111122223333444459786,964377,100,2020-07-30
1595454611012010,1111222233334520,111122223333444465446,963443,100,2020-07-30
1595776705492100,1111222233335090,111122223333444456265,963333,100,2020-07-30
1595776809402060,1111222233335140,111122223333444464671,964101,100,2020-07-30
1595777028551320,1111222233334620,111122223333444455632,964111,100,2020-07-30
1595776637428270,1111222233334960,111122223333444463924,963415,100,2020-07-30
1595776642746340,1111222233334920,111122223333444461956,963635,100,2020-07-30
1595776645357180,1111222233334790,111122223333444460696,963847,100,2020-07-30
1595973137005590,1111222233334710,111122223333444464960,963850,100,2020-07-30
1595454688894240,1111222233335340,111122223333444459272,963674,100,2020-07-30
1595773089942760,1111222233334880,111122223333444464498,963453,100,2020-07-30
1595776639602240,1111222233335420,111122223333444459159,964276,100,2020-07-30
1595772981478950,1111222233335080,111122223333444459169,964047,100,2020-07-30
1595772999385640,1111222233335310,111122223333444465683,963818,100,2020-07-30
1595773227738070,1111222233335420,111122223333444460083,964379,100,2020-07-30
1595972125644730,1111222233335410,111122223333444465197,963447,100,2020-07-30
1595773045480700,1111222233335000,111122223333444459066,964054,100,2020-07-30
1595773213003790,1111222233334870,111122223333444456818,964040,100,2020-07-30
1595773063661790,1111222233334990,111122223333444455741,963403,100,2020-07-30
1595773091386190,1111222233334550,111122223333444461313,963582,100,2020-07-30
1595773147891330,1111222233335190,111122223333444466328,963599,100,2020-07-30
1595773164660620,1111222233334500,111122223333444457345,963436,100,2020-07-30
1595776652355710,1111222233334500,111122223333444466231,963750,100,2020-07-30
1595972106886750,1111222233335180,111122223333444457153,963681,100,2020-07-30
1595772960038480,1111222233334740,111122223333444464213,963445,100,2020-07-30
1595773491826030,1111222233334800,111122223333444457370,963725,100,2020-07-30
1595454669540220,1111222233334770,111122223333444456811,963933,100,2020-07-30
1595454760083190,1111222233335300,111122223333444463520,964198,100,2020-07-30
1595772962837740,1111222233335340,111122223333444457717,964091,100,2020-07-30
1595454963751480,1111222233335090,111122223333444464287,964056,100,2020-07-30
1595455024969610,1111222233335370,111122223333444458686,964044,100,2020-07-30
1595455224343690,1111222233335310,111122223333444459665,963398,100,2020-07-30
1595776925668600,1111222233335480,111122223333444455914,963845,100,2020-07-30
1595773378627290,1111222233334790,111122223333444459138,963753,100,2020-07-30
1595776665365300,1111222233334530,111122223333444464234,964056,100,2020-07-30
1595773026109610,1111222233334460,111122223333444463585,963762,100,2020-07-30
1595454674995570,1111222233335320,111122223333444466465,963527,100,2020-07-30
1595973101814860,1111222233334710,111122223333444459524,963421,100,2020-07-30
1595773113248760,1111222233334920,111122223333444463419,963664,100,2020-07-30
1595772973619620,1111222233334500,111122223333444460410,963900,100,2020-07-30
1595773264963160,1111222233334450,111122223333444464330,964395,100,2020-07-30
1595773566756610,1111222233334490,111122223333444465941,963891,100,2020-07-30
1595773440655510,1111222233335530,111122223333444465683,963951,100,2020-07-30
1595776801771390,1111222233335140,111122223333444463394,964339,100,2020-07-30
1595454660768570,1111222233334530,111122223333444466358,963925,100,2020-07-30
1595773360456300,1111222233335070,111122223333444455959,963792,100,2020-07-30
1595773598318910,1111222233334810,111122223333444456423,963653,100,2020-07-30
1595972169395510,1111222233334740,111122223333444460298,963898,100,2020-07-30
1595773100378560,1111222233335110,111122223333444464324,964093,100,2020-07-30
1595773121673860,1111222233334960,111122223333444458234,963411,100,2020-07-30
1595773011441020,1111222233335540,111122223333444457924,963448,100,2020-07-30
1595972122487420,1111222233334990,111122223333444460116,963916,100,2020-07-30
1595773478280180,1111222233334510,111122223333444461572,964200,100,2020-07-30
1595772996631630,1111222233335350,111122223333444464138,963649,100,2020-07-30
1595773017738130,1111222233335350,111122223333444465943,964306,100,2020-07-30
1595773064856690,1111222233334450,111122223333444458968,964278,100,2020-07-30
1595773256190930,1111222233335080,111122223333444458492,963412,100,2020-07-30
1595773627443630,1111222233335100,111122223333444465511,963990,100,2020-07-30
1595773041728230,1111222233335210,111122223333444459424,964230,100,2020-07-30
1595773081885790,1111222233335310,111122223333444466560,963757,100,2020-07-30
1595773455833090,1111222233334710,111122223333444461036,964157,100,2020-07-30
1595773199159380,1111222233334730,111122223333444466445,963780,100,2020-07-30
1595773100323560,1111222233335110,111122223333444459864,963632,100,2020-07-30
1595773154832780,1111222233334690,111122223333444457364,964431,100,2020-07-30
1595773046817970,1111222233334910,111122223333444460247,963863,100,2020-07-30
1595773080109660,1111222233335350,111122223333444465440,963710,100,2020-07-30
1595773202332980,1111222233334920,111122223333444462296,963918,100,2020-07-30
1595773224642020,1111222233335540,111122223333444464974,964010,100,2020-07-30
1595776917434900,1111222233334580,111122223333444465602,963609,100,2020-07-30
1595773127511990,1111222233335120,111122223333444463783,964101,100,2020-07-30
1595773500792800,1111222233334550,111122223333444456136,963982,100,2020-07-30
1595972258598780,1111222233335170,111122223333444458866,964304,100,2020-07-30
1595773478843310,1111222233335290,111122223333444465269,963739,100,2020-07-30
1595972134623100,1111222233335450,111122223333444460924,963776,100,2020-07-30
1595972518809490,1111222233335360,111122223333444456302,963838,100,2020-07-30
1595773361596020,1111222233334530,111122223333444462059,964442,100,2020-07-30
1595773130235220,1111222233334450,111122223333444463163,963785,100,2020-07-30
1595773172762240,1111222233334540,111122223333444461569,964066,100,2020-07-30
1595773517194960,1111222233335060,111122223333444456566,963503,100,2020-07-30
1595776797220250,1111222233335300,111122223333444464706,963814,100,2020-07-30
1595773165566520,1111222233335270,111122223333444460331,963935,100,2020-07-30
1595972147201010,1111222233334470,111122223333444459379,963925,100,2020-07-30
1595773628189360,1111222233334840,111122223333444465780,963375,100,2020-07-30
1595972165138460,1111222233334910,111122223333444458208,964426,100,2020-07-30
1595773224738450,1111222233335100,111122223333444460713,963647,100,2020-07-30
1595773341982930,1111222233335420,111122223333444458997,963531,100,2020-07-30
1595773276643620,1111222233335520,111122223333444462730,963854,100,2020-07-30
1595773594927520,1111222233334450,111122223333444457342,964343,100,2020-07-30
1595773216494670,1111222233335350,111122223333444462449,963439,100,2020-07-30
1595773593849050,1111222233335070,111122223333444463943,963400,100,2020-07-30
1595773521374810,1111222233335420,111122223333444463126,963731,100,2020-07-30
1595773218156390,1111222233335260,111122223333444464831,963936,100,2020-07-30
1595773237594770,1111222233335050,111122223333444458533,963496,100,2020-07-30
1595773572829120,1111222233334860,111122223333444464395,964073,100,2020-07-30
1595773255860420,1111222233334860,111122223333444461310,963973,100,2020-07-30
1595773284024520,1111222233335480,111122223333444465246,963450,100,2020-07-30
1595773596317880,1111222233335550,111122223333444457428,963887,100,2020-07-30
1595773285610190,1111222233334660,111122223333444462380,963520,100,2020-07-30
1595773659465800,1111222233335530,111122223333444461046,963444,100,2020-07-30
1595773739043580,1111222233334710,111122223333444461868,964090,100,2020-07-30
1595454667242210,1111222233335030,111122223333444457779,964181,100,2020-07-30
1595773272540350,1111222233335230,111122223333444465090,964307,100,2020-07-30
1595972187128090,1111222233335340,111122223333444460278,963641,100,2020-07-30
1595773428640100,1111222233334480,111122223333444455866,963993,100,2020-07-30
1595773341260350,1111222233334720,111122223333444457638,963737,100,2020-07-30
1595773700177100,1111222233335400,111122223333444460546,964026,100,2020-07-30
1595773700263370,1111222233334920,111122223333444455992,963937,100,2020-07-30
